account_length,area_code,international_plan,voice_mail_plan,number_vmail_messages,total_intl_minutes,total_intl_calls,total_intl_charge,number_customer_service_calls,total_net_minutes,total_net_calls,total_net_charge,predicted_class
128,1,0,1,25,10.0,3.0,2.7,1.0,707.2,300.0,72.86,0
118,3,1,0,0,6.3,6.0,1.7,0.0,647.9,317.0,65.91,0
62,1,0,0,0,13.1,6.0,3.54,3.5,630.9,245.0,55.769999999999996,1
93,3,0,0,0,8.1,3.0,2.19,3.0,538.5,346.0,56.8,1
174,1,0,0,0,15.5,5.0,4.19,3.0,652.1,303.0,55.96,1
142,1,0,0,0,14.2,6.0,3.83,2.0,472.0,306.0,37.31,0
172,2,0,0,0,12.6,10.0,3.4,3.0,568.3375,314.0,54.5975,1
72,1,0,1,37,14.7,6.0,3.97,3.0,590.1,253.0,62.75,1
149,2,0,0,0,11.1,9.0,3.0,1.0,600.5,294.0,55.44,0
119,1,0,0,0,8.8,3.0,2.38,3.5,533.5999999999999,322.0,53.15,1
87,1,0,0,0,9.7,3.0,2.62,3.5,574.6,326.0,53.52,1
68,1,0,0,0,12.1,3.0,3.27,3.0,525.1,325.0,52.09,1
74,3,0,1,33,14.6,3.0,3.94,2.0,577.8,279.0,60.06,0
55,2,0,1,25,11.0,2.0,2.97,3.0,477.4,308.0,47.629999999999995,0
106,3,0,0,0,12.4,1.0,3.35,2.0,651.1999999999999,269.0,65.59,1
104,2,0,0,0,9.8,5.0,2.65,1.0,522.5999999999999,356.0,61.56,0
135,1,0,0,0,10.5,6.0,2.84,0.0,450.7,287.0,44.01,0
141,1,0,1,32,10.1,1.0,2.73,1.0,499.1,330.0,46.27,0
103,1,0,0,0,12.6,2.0,3.4,2.0,631.1,302.0,60.46,1
112,3,0,1,36,10.0,3.0,2.7,2.0,448.79999999999995,317.0,40.71,0
97,2,0,0,0,8.7,5.0,2.35,2.0,597.9000000000001,317.0,65.48,1
131,2,0,1,36,9.5,4.0,2.57,3.0,640.5999999999999,334.0,62.06,1
75,1,0,1,21,5.3,4.0,1.43,3.5,630.8,337.0,59.06999999999999,0
91,3,0,0,0,12.0,3.0,3.24,3.0,608.8,348.0,61.19,1
140,1,0,0,0,14.3,6.0,3.86,3.0,502.4,293.0,58.0,1
127,2,0,0,0,13.7,3.0,3.7,1.0,553.6,279.0,51.39,0
83,2,1,0,0,11.7,4.0,3.16,1.0,608.9,318.0,70.0,1
87,1,0,0,0,7.1,5.0,1.92,0.0,446.0,306.0,44.0,0
141,3,0,1,36,10.5,5.0,2.84,3.0,658.4,320.0,62.73,0
146,1,0,0,0,6.1,3.0,1.65,1.0,522.0999999999999,331.0,55.22,0
92,1,0,1,33,12.1,2.0,3.27,2.0,685.5999999999999,288.0,69.78999999999999,1
64,2,0,1,27,10.6,5.0,2.86,2.0,516.5,275.0,52.790000000000006,0
127,1,0,0,0,11.5,3.0,3.11,2.0,626.7,302.0,62.64,1
164,3,0,0,0,9.0,3.0,2.43,1.0,510.9,349.0,49.59,0
107,1,0,0,0,8.9,4.0,2.4,0.0,426.5,294.0,43.14,0
82,1,0,1,24,10.7,3.0,2.89,1.0,522.1,305.0,52.669999999999995,0
86,2,0,1,31,12.2,6.0,3.29,1.0,527.5,378.0,49.209999999999994,0
70,3,1,0,0,17.4625,4.0,4.7175,2.0,528.0,306.0,61.22,1
93,1,0,0,0,10.9,3.0,2.94,0.0,510.3,285.0,49.339999999999996,0
136,1,0,0,0,13.0,2.0,3.51,1.0,668.3,353.0,72.03,1
104,1,0,1,23,13.3,3.0,3.59,3.5,637.6,330.0,72.53,1
73,1,0,0,0,9.4,6.0,2.54,1.0,500.59999999999997,289.0,53.29,0
36,1,0,0,0,8.4,2.0,2.27,1.0,711.6,331.0,70.99,1
108,2,0,0,0,9.4,3.0,2.54,0.0,806.5875000000001,234.0,71.81875000000001,1
119,3,0,1,23,11.8,4.0,3.19,2.0,660.4,363.0,60.09,0
82,2,0,0,0,9.1,8.0,2.46,3.0,612.3,281.0,62.74999999999999,1
64,3,0,1,48,4.5,4.0,1.22,0.0,378.0,294.0,34.260000000000005,0
83,1,0,0,0,9.8,5.0,2.65,3.0,575.7,306.0,62.85,1
86,1,0,1,28,9.0,2.0,2.43,1.0,750.3,279.0,72.99000000000001,0
71,1,0,0,0,6.7,5.0,1.81,3.0,660.8,273.0,61.730000000000004,1
96,1,0,1,37,10.3,5.0,2.78,3.5,508.9,295.0,49.29,0
94,1,0,0,0,6.6,5.0,1.78,1.0,669.0999999999999,300.0,60.8,0
121,2,0,0,0,11.2,3.0,3.02,0.0,807.1375,263.0,71.2175,1
173,3,0,1,21,5.0,5.0,1.35,3.0,717.3,316.0,69.81,0
128,3,1,1,32,9.4,2.0,2.54,2.0,567.2,256.0,61.019999999999996,0
66,3,0,0,0,7.5,4.0,2.03,1.0,587.3,262.0,57.7,0
77,3,0,0,0,7.6,3.0,2.05,2.0,713.0,302.0,71.97,1
101,1,0,0,0,10.8,10.5,2.92,1.0,714.8,361.0,65.39,0
100,3,0,0,0,12.8,3.0,3.46,3.5,455.79999999999995,204.0,38.11,0
31,1,0,0,0,12.7,2.0,3.43,1.0,459.09999999999997,296.0,44.599999999999994,0
124,2,1,0,0,11.3,4.0,3.05,1.0,639.4,283.0,66.89999999999999,1
37,2,1,1,39,9.2,4.0,2.48,1.0,475.09999999999997,287.0,48.53,0
154,1,0,0,0,10.1,9.0,2.73,1.0,790.4,269.0,84.23000000000002,1
128,1,0,0,0,16.0,2.0,4.32,0.0,628.3,295.0,63.43000000000001,1
90,1,0,0,0,9.2,6.0,2.48,2.0,666.8,234.0,60.830000000000005,1
99,1,0,0,0,8.9,1.0,2.4,3.0,742.0,261.0,62.690000000000005,1
150,3,0,0,0,10.2,6.0,2.75,3.0,649.6,272.0,54.519999999999996,1
84,2,0,0,0,7.8,4.0,2.11,0.0,541.7,332.0,49.660000000000004,0
94,1,0,0,0,3.1625000000000014,2.0,0.8574999999999993,1.0,747.9000000000001,333.0,74.13,1
98,1,0,1,31,12.0,1.0,3.24,1.0,566.5999999999999,313.0,49.379999999999995,0
73,1,0,0,0,7.5,3.0,2.03,3.5,626.8,295.0,60.81,1
126,1,0,0,0,7.0,5.0,1.89,3.0,644.3,324.0,69.04,1
113,1,0,0,0,8.7,3.0,2.35,2.0,760.9999999999999,247.0,75.53,1
155,1,0,0,0,8.0,3.0,2.16,1.0,706.2,353.0,67.62,1
59,3,0,1,29,6.8,3.0,1.84,1.0,485.9,299.0,47.35,0
70,3,0,0,0,11.1,6.0,3.0,0.0,525.0,295.0,41.349999999999994,0
75,1,0,0,0,12.2,3.0,3.29,1.0,426.29999999999995,257.0,41.89,0
11,1,0,1,28,6.0,3.0,1.62,3.0,591.0,288.0,59.22,0
105,1,0,1,23,8.5,5.0,2.3,0.0,686.0999999999999,286.0,63.879999999999995,0
112,1,0,0,0,11.6,4.0,3.13,1.0,628.9000000000001,274.0,57.60999999999999,0
86,1,0,1,32,11.1,5.0,3.0,3.0,482.5,379.0,37.239999999999995,0
74,3,0,0,0,9.9,6.0,2.67,3.0,584.2,242.0,50.71,0
50,3,0,0,0,11.7,5.0,3.16,1.0,644.6,322.0,67.73,0
78,1,0,0,0,12.8,7.0,3.46,0.0,741.5,371.0,69.57,0
93,1,0,1,36,8.0,4.0,2.16,2.0,484.09999999999997,318.0,51.27,0
144,1,0,0,0,11.9,3.0,3.21,2.0,645.4,286.0,62.73,1
95,1,0,0,0,7.5,2.0,2.03,1.0,495.40000000000003,295.0,53.959999999999994,0
124,1,0,1,28,7.5,5.0,2.03,1.0,728.4,314.0,73.21000000000001,0
148,3,0,1,14,17.4625,5.0,4.7175,1.0,432.29999999999995,293.0,38.89999999999999,0
176,2,0,0,0,10.5,8.0,2.84,2.0,378.3,322.0,29.66,0
47,1,0,1,37,7.8,4.0,2.11,2.0,598.6,266.0,55.5,0
67,3,0,0,0,9.2,10.0,2.48,3.5,623.4,319.0,69.51,1
128,1,0,1,40,14.0,6.0,3.78,1.0,513.7,290.0,50.34,0
111,1,0,0,0,7.9,3.0,2.13,3.5,514.7,270.0,52.089999999999996,1
157,1,0,0,0,11.5,2.0,3.11,2.0,541.8,328.0,60.480000000000004,1
61,3,1,0,0,10.1,6.0,2.73,2.0,382.1,352.0,34.8,0
65,1,0,0,0,12.7,6.0,3.43,2.0,557.2,281.0,54.03,1
123,2,0,0,0,12.0,4.0,3.24,0.0,690.2,289.0,63.15,0
53,2,0,1,18,7.2,7.0,1.94,0.0,635.5,321.0,59.35,0
133,2,1,1,32,15.4,4.0,4.16,2.0,654.9,344.0,67.71,1
92,1,0,0,0,13.7,6.0,3.7,3.0,646.2,273.0,63.39,1
109,2,0,0,0,11.3,4.0,3.05,2.0,677.4,302.0,69.84,1
87,2,0,1,28,3.1625000000000014,0.0,0.8574999999999993,1.0,553.9,301.0,49.94,0
84,1,0,0,0,12.3,5.0,3.32,1.0,494.5,309.0,48.839999999999996,0
62,1,1,0,0,13.9,6.0,3.75,0.0,478.79999999999995,267.0,49.41,0
111,1,0,0,0,8.7,3.0,2.35,3.0,570.9,254.0,54.42,1
91,3,0,0,0,11.6,7.0,3.13,3.0,651.5999999999999,355.0,64.32,1
126,3,0,0,0,11.5,3.0,3.11,1.0,423.20000000000005,305.0,40.1,0
76,1,0,0,0,13.7,4.0,3.7,0.0,736.9000000000001,351.0,79.67,1
153,2,0,1,28,15.4,9.0,4.16,0.0,633.8,225.0,67.08,0
54,1,0,1,39,9.2,1.0,2.48,3.0,533.9,335.0,54.99,1
63,1,0,0,0,12.3,2.0,3.32,0.0,708.0999999999999,231.0,67.75999999999999,1
27,3,0,0,0,9.2,3.0,2.48,0.0,448.6,330.0,49.18,0
3,1,0,1,36,11.9,6.0,3.21,2.0,443.5,331.0,43.589999999999996,0
42,2,0,0,0,10.6,4.0,2.86,0.0,509.9,339.0,57.75,0
13,3,0,1,21,12.1,3.0,3.27,3.0,784.6,299.0,83.11,1
88,1,0,0,0,14.9,3.0,4.02,2.0,621.6,323.0,59.59,1
99,1,0,0,0,8.5,5.0,2.3,1.0,462.79999999999995,266.0,37.93,0
129,3,0,0,0,11.4,8.0,3.08,3.5,654.1,298.0,59.309999999999995,1
78,3,0,0,0,14.0,10.5,3.78,3.0,581.7,294.0,52.86,0
85,2,0,1,37,9.5,8.0,2.57,2.0,573.8,289.0,59.82,0
68,1,0,0,0,11.0,9.0,2.97,3.5,506.8,259.0,49.279999999999994,1
68,3,0,0,0,11.4,3.0,3.08,1.0,610.6,292.0,57.050000000000004,0
78,1,0,0,0,9.1,5.0,2.46,1.0,636.6,296.0,62.269999999999996,0
87,3,1,0,0,11.0,6.0,2.97,1.0,498.9,326.0,51.300000000000004,0
69,1,0,0,0,11.4,4.0,3.08,2.0,510.8,271.0,53.61,1
113,1,0,0,0,8.7,6.0,2.35,2.0,554.6999999999999,316.0,56.74,0
80,1,0,0,0,10.6,4.0,2.86,1.0,588.3,296.0,54.57,0
107,3,1,0,0,11.0,9.0,2.97,2.0,611.1,239.0,69.03999999999999,1
85,2,0,0,0,11.3,3.0,3.05,0.0,604.7,261.0,61.22,0
45,2,0,0,0,9.0,3.0,2.43,2.0,571.8,334.0,48.59,0
137,2,0,0,0,10.2,5.0,2.75,0.0,467.20000000000005,339.0,49.08,0
61,3,1,1,16,11.3,3.0,3.05,0.0,533.8,229.0,51.669999999999995,0
134,1,0,0,0,11.7,4.0,3.16,1.0,568.4,279.0,53.98,0
147,3,0,0,0,11.3,3.0,3.05,2.0,491.29999999999995,305.0,53.58,0
138,3,1,0,0,9.4,9.0,2.54,1.0,571.4000000000001,306.0,55.589999999999996,0
88,1,0,1,17,16.1,5.0,4.35,1.0,629.9000000000001,264.0,64.67,0
144,1,0,1,51,10.0,4.0,2.7,1.0,672.2,292.0,73.41,1
120,1,0,1,24,9.7,10.5,2.62,2.0,698.0,295.0,68.3,0
123,2,0,0,0,14.9,5.0,4.02,0.0,614.6,333.0,50.85,0
98,3,0,0,0,11.1,6.0,3.0,3.5,746.5,339.0,75.13,1
103,1,0,0,0,10.4,3.0,2.81,3.5,548.3,315.0,55.69,1
132,1,0,1,15,9.1,4.0,2.46,1.0,548.8,324.0,53.849999999999994,0
86,3,0,0,0,6.7,8.0,1.81,3.0,616.3,321.0,51.35,0
104,1,0,0,0,5.5,4.0,1.49,2.0,652.3,302.0,61.8,1
106,1,0,0,0,8.5,3.0,2.3,2.0,562.5,312.0,54.370000000000005,1
125,1,0,0,0,8.0,2.0,2.16,1.0,613.8,335.0,53.52,0
72,3,1,1,29,5.5,6.0,1.49,0.0,499.0,293.0,45.47,0
73,2,0,0,0,13.5,3.0,3.65,0.0,538.0,288.0,58.39000000000001,0
118,1,0,0,0,14.4,10.5,3.89,3.5,792.8000000000001,357.0,81.81,1
105,1,0,0,0,13.2,5.0,3.56,2.0,612.6,312.0,51.68,1
80,1,0,0,0,9.3,5.0,2.51,1.0,722.4875000000001,278.0,68.18875,1
204,3,0,1,24,7.8,5.0,2.11,2.0,511.5,301.0,51.2,0
74,1,0,0,0,9.8,4.0,2.65,0.0,630.5999999999999,325.0,54.61,0
76,1,0,0,0,6.7,2.0,1.81,2.0,556.1,292.0,58.989999999999995,1
108,1,0,0,0,7.9,3.0,2.13,1.0,515.5,321.0,45.769999999999996,0
77,1,0,1,23,7.1,3.0,1.92,2.0,598.8,247.0,60.51,0
9,2,0,1,31,13.3,2.0,3.59,1.0,587.5999999999999,330.0,58.77,0
138,3,0,0,0,17.0,4.0,4.59,3.0,511.1,360.0,49.03,1
38,1,0,1,31,3.9,2.0,1.05,0.0,746.0,292.0,68.21000000000001,0
147,3,0,1,33,10.4,6.0,2.81,3.0,699.0,304.0,72.25999999999999,1
133,2,0,0,0,12.8,4.0,3.46,2.0,623.0,358.0,71.83,1
12,3,1,0,0,9.8,4.0,2.65,2.0,553.2,353.0,56.64,1
11,1,0,0,0,9.7,6.0,2.62,2.0,626.8,280.0,57.71000000000001,1
154,3,0,0,0,7.2,5.0,1.94,0.0,511.20000000000005,285.0,50.06,0
116,3,0,0,0,16.5,5.0,4.46,0.0,659.4,307.0,64.16,0
87,3,0,0,0,9.5,5.0,2.57,1.0,580.0,269.0,61.09,0
70,2,0,0,0,10.6,6.0,2.86,2.0,583.7,331.0,59.64,1
98,1,1,0,0,7.7,9.0,2.08,1.0,468.6,245.0,36.669999999999995,0
161,1,0,0,0,8.5,2.0,2.3,1.0,462.20000000000005,273.0,48.92,0
92,3,0,0,0,8.6,6.0,2.32,0.0,483.29999999999995,298.0,55.709999999999994,0
132,1,0,1,31,10.3,9.0,2.78,1.0,592.9000000000001,282.0,58.33,0
185,1,1,1,30,12.9,3.0,3.48,2.0,531.2,325.0,47.92,0
124,1,0,0,0,10.3,5.0,2.78,0.0,510.20000000000005,377.0,53.21,0
75,1,0,0,0,11.9,9.0,3.21,1.0,525.3,330.0,49.9,0
44,3,0,0,0,7.6,4.0,2.05,1.0,528.8,268.0,48.48,0
108,1,0,0,0,15.4,4.0,4.16,3.5,512.9,284.0,46.85000000000001,1
131,3,0,0,0,10.4,3.0,2.81,0.0,516.3,250.0,50.35,0
204,2,0,0,0,6.5,8.0,1.76,2.0,509.2,259.0,41.97,0
111,2,0,0,0,12.8,9.0,3.46,2.0,494.6,275.0,44.96,0
114,1,1,1,31,12.3,10.0,3.32,2.0,515.0,287.0,53.96000000000001,0
100,2,0,1,25,13.0,5.0,3.51,1.0,577.8,315.0,62.48,0
105,2,0,0,0,9.0,3.0,2.43,1.0,579.6999999999999,313.0,62.11,0
105,1,0,0,0,5.3,4.0,1.43,3.5,494.2,268.0,45.15,1
31,1,0,0,0,5.1,2.0,1.38,0.0,493.0,326.0,50.46,0
37,1,1,0,0,9.6,8.0,2.59,2.0,489.8,278.0,41.26,0
132,1,0,0,0,11.6,4.0,3.13,3.5,483.70000000000005,319.0,51.059999999999995,1
16,2,0,0,0,8.8,4.0,2.38,1.0,476.4,276.0,54.53999999999999,0
157,3,0,1,30,7.1,5.0,1.92,1.0,759.7,329.0,68.2,0
72,1,0,0,0,12.2,3.0,3.29,3.0,499.59999999999997,348.0,43.94,1
143,2,0,0,0,7.6,10.5,2.05,1.0,606.8,251.0,55.29,0
109,2,0,0,0,10.9,5.0,2.94,1.0,706.7,323.0,68.31,1
101,2,0,1,23,7.3,10.5,1.97,1.0,548.3,281.0,63.730000000000004,0
48,3,0,0,0,13.2,2.0,3.56,1.0,560.0,223.0,55.39,0
75,3,0,1,26,13.4,3.0,3.62,2.0,465.0,303.0,44.3,0
88,1,0,1,31,11.4,4.0,3.08,1.0,602.5999999999999,315.0,58.34,0
105,2,0,0,0,8.8,5.0,2.38,0.0,675.9,268.0,73.33,0
116,1,0,1,35,11.0,2.0,2.97,1.0,589.3,344.0,57.879999999999995,0
87,1,0,0,0,9.9,10.0,2.67,3.0,583.9,313.0,54.209999999999994,1
85,1,1,0,0,8.3,4.0,2.24,3.5,619.0,345.0,60.96000000000001,1
55,3,0,1,45,11.0,5.0,2.97,3.5,480.5,322.0,46.27,0
109,1,0,1,46,9.0,3.0,2.43,3.5,615.1,306.0,64.22,1
49,1,0,0,0,14.0,2.0,3.78,2.0,679.1,305.0,72.16000000000001,1
17,3,0,1,31,10.0,1.0,2.7,3.5,563.3,276.0,51.92,0
130,2,0,0,0,6.3,9.0,1.7,2.0,663.1999999999999,319.0,65.48,0
137,1,0,0,0,8.0,7.0,2.16,2.0,543.0,266.0,47.96,0
52,1,0,1,24,4.1,5.0,1.11,2.0,531.3,275.0,53.32,0
118,1,0,0,0,11.3,4.0,3.05,1.0,568.5,313.0,50.769999999999996,0
131,1,0,1,34,13.4,10.0,3.62,1.0,489.29999999999995,349.0,44.440000000000005,0
125,1,0,1,39,9.1,4.0,2.46,2.0,700.6999999999999,324.0,72.61,1
113,3,0,0,0,8.9,3.0,2.4,0.0,537.5999999999999,353.0,43.18,0
204,1,0,0,0,7.6,3.0,2.05,1.0,573.1,278.0,47.32,0
99,1,1,0,0,9.9,6.0,2.67,3.5,557.3,318.0,55.96,1
86,3,0,1,29,8.4,5.0,2.27,3.0,580.2,363.0,53.61,0
112,2,0,0,0,11.9,4.0,3.21,0.0,570.8000000000001,277.0,56.58,0
1,1,0,1,30,8.4,2.0,2.27,0.0,664.0,315.0,62.07,0
27,3,0,0,0,7.6,3.0,2.05,3.0,667.3,319.0,64.1,1
63,1,0,0,0,11.2,2.0,3.02,0.0,565.0999999999999,290.0,51.91,0
47,2,0,1,37,13.2,6.0,3.56,2.0,535.4,359.0,47.949999999999996,0
89,1,1,1,19,11.1,2.0,3.0,0.0,497.79999999999995,362.0,46.94,0
126,1,1,1,34,9.7,6.0,2.62,3.5,675.3,359.0,69.79,1
102,3,0,0,0,8.3,3.0,2.24,1.0,605.9,276.0,60.09,0
113,1,1,0,0,9.2,7.0,2.48,1.0,532.5,294.0,57.05,1
101,1,0,1,33,9.5,2.0,2.57,2.0,591.0,344.0,61.53,0
106,3,0,1,33,9.9,4.0,2.67,1.0,468.1,318.0,40.69,0
69,1,0,0,0,9.0,5.0,2.43,3.0,649.0,279.0,61.63999999999999,1
83,3,0,0,0,8.6,2.0,2.32,1.0,451.7,305.0,41.75,0
67,1,1,1,35,16.9,4.0,4.56,0.0,613.3,281.0,58.870000000000005,0
75,3,0,1,27,4.2,7.0,1.13,3.0,518.7,343.0,46.31,0
75,1,0,0,0,8.1,5.0,2.19,0.0,610.8,286.0,58.370000000000005,0
78,2,0,0,0,11.0,5.0,2.97,0.0,486.40000000000003,286.0,40.51,0
189,2,0,0,0,6.3,4.0,1.7,2.0,609.5,285.0,62.89,1
126,1,0,1,30,12.8,4.0,3.46,3.5,458.6,284.0,45.87,0
50,2,0,0,0,11.1,3.0,3.0,0.0,662.9,305.0,61.089999999999996,0
57,1,1,1,17,12.2,3.0,3.29,2.0,636.3,305.0,64.72,0
163,2,0,0,0,8.8,5.0,2.38,1.0,638.3,343.0,65.67999999999999,0
174,2,0,0,0,10.0,5.0,2.7,2.0,508.0,311.0,46.02,0
68,1,0,0,0,8.4,3.0,2.27,1.0,708.2,309.0,69.02,1
93,3,0,1,19,12.5,3.0,3.38,2.0,387.4,313.0,41.720000000000006,0
155,1,0,1,23,13.4,10.5,3.62,2.0,590.5999999999999,341.0,62.39,0
136,3,0,0,0,10.7,6.0,2.89,1.0,725.8,302.0,72.0,1
118,2,1,1,21,11.1,3.0,3.0,3.5,524.4,328.0,51.53,0
117,2,0,0,0,15.7,10.0,4.24,3.0,437.2,297.0,37.870000000000005,0
48,1,0,1,36,7.6,4.0,2.05,3.0,668.5,300.0,65.65,1
107,3,0,1,38,11.0,1.0,2.97,2.0,504.0,256.0,57.32,0
56,1,0,0,0,14.3,4.0,3.86,1.0,485.40000000000003,302.0,45.620000000000005,0
159,1,0,0,0,10.5,10.0,2.84,1.0,536.5,293.0,46.24,0
78,1,0,1,25,13.2,2.0,3.56,0.0,704.8,259.0,68.22,0
75,1,0,1,39,11.3,7.0,3.05,1.0,608.1999999999999,312.0,63.349999999999994,0
83,1,0,0,0,8.6,4.0,2.32,3.0,525.6,251.0,52.72,1
99,3,1,0,0,11.3,3.0,3.05,0.0,745.1375,297.0,77.4075,1
83,1,0,1,20,11.2,2.0,3.02,0.0,463.5,260.0,39.449999999999996,0
141,1,0,0,0,7.0,1.0,1.89,2.0,686.8,314.0,61.19,1
184,1,0,0,0,13.8,4.0,3.73,1.0,715.7,287.0,73.25,1
138,3,0,1,21,7.9,1.0,2.13,0.0,363.2,369.0,27.31,0
84,3,0,0,0,13.2,5.0,3.56,2.0,558.7,387.0,61.57,1
72,1,0,0,0,12.0,5.0,3.24,2.0,611.9,331.0,57.7,1
65,3,0,1,29,8.9,6.0,2.4,1.0,690.3,281.0,63.72,0
99,2,0,0,0,7.5,3.0,2.03,1.0,422.9,320.0,32.81,0
111,3,0,0,0,6.4,3.0,1.73,2.0,575.8,281.0,55.36000000000001,0
106,1,0,1,31,12.3,4.0,3.32,3.0,436.4,336.0,49.25000000000001,0
88,1,0,0,0,6.4,4.0,1.73,2.0,692.3,228.0,62.019999999999996,1
17,2,0,1,35,8.1,10.0,2.19,1.0,679.0,327.0,66.2,0
64,2,0,0,0,8.9,8.0,2.4,1.0,647.3,317.0,56.45,0
107,3,0,0,0,12.7,1.0,3.43,2.0,559.1,334.0,56.92999999999999,1
90,1,0,0,0,14.2,5.0,3.83,3.0,372.90000000000003,296.0,28.319999999999997,0
90,2,0,1,39,11.4,5.0,3.08,1.0,511.29999999999995,245.0,43.620000000000005,0
114,1,0,0,0,13.3,5.0,3.59,2.0,689.5999999999999,322.0,64.11999999999999,1
140,1,0,0,0,7.7,3.0,2.08,3.5,577.1,266.0,50.62,1
102,2,0,0,0,10.3,5.0,2.78,3.5,552.9,303.0,55.239999999999995,1
70,3,0,0,0,14.3,3.0,3.86,1.0,570.0,328.0,50.22999999999999,0
84,3,0,0,0,12.3,1.0,3.32,1.0,449.0,343.0,36.81,0
80,3,0,0,0,10.9,7.0,2.94,2.0,667.5,273.0,59.81999999999999,0
113,1,0,1,23,9.5,5.0,2.57,3.5,586.6,247.0,54.449999999999996,0
111,1,0,1,36,13.4,4.0,3.62,2.0,433.4,313.0,38.43,0
70,1,0,0,0,12.9,7.0,3.48,0.0,791.8000000000001,310.0,76.87,1
60,2,0,0,0,13.5,6.0,3.65,1.0,636.4000000000001,334.0,59.410000000000004,0
71,3,0,1,23,14.1,7.0,3.81,1.0,703.0,368.5,63.96,0
124,1,0,0,0,8.8,3.0,2.38,3.0,514.0,321.0,49.52,1
66,1,0,0,0,9.2,6.0,2.48,2.0,697.6999999999999,306.0,66.35,1
106,1,0,0,0,9.1,3.0,2.46,0.0,631.5,332.0,57.04,0
59,3,0,0,0,12.5,10.0,3.38,1.0,473.6,269.0,48.73,0
87,1,1,1,40,11.5,3.0,3.11,1.0,601.1,277.0,61.03,1
59,1,0,0,0,12.0,4.0,3.24,1.0,666.3,282.0,65.41,1
21,3,0,0,0,10.7,4.0,2.89,0.0,690.4,314.0,68.96000000000001,0
147,1,0,1,36,13.8,7.0,3.73,3.5,580.3,308.0,67.01,1
117,1,0,1,17,4.4,4.0,1.19,0.0,651.5999999999999,269.0,63.69,0
138,1,0,1,29,14.2,6.0,3.83,0.0,669.5,340.0,62.82,0
80,1,0,0,0,5.5,4.0,1.49,1.0,638.7,323.0,60.400000000000006,0
133,3,0,0,0,11.2,7.0,3.02,0.0,622.2,295.0,69.32,0
123,2,0,0,0,8.3,2.0,2.24,3.0,628.7,261.0,63.120000000000005,1
39,1,0,0,0,11.5,2.0,3.11,1.0,731.9,366.0,79.15,1
92,3,0,0,0,9.4,7.0,2.54,2.0,516.3000000000001,376.0,47.71,0
65,3,0,0,0,5.5,4.0,1.49,2.0,518.9,279.0,52.93,0
67,1,0,0,0,8.6,6.0,2.32,1.0,620.7,303.0,62.5,0
124,1,0,0,0,11.3,2.0,3.05,1.0,721.6,302.0,60.33,1
84,1,0,0,0,9.8,6.0,2.65,2.0,635.4,345.0,60.269999999999996,1
145,2,0,0,0,7.6,3.0,2.05,1.0,614.4,345.0,57.58,0
124,1,0,0,0,6.1,6.0,1.65,1.0,588.7,327.0,57.339999999999996,0
94,1,0,0,0,10.4,3.0,2.81,3.0,602.0,323.0,50.260000000000005,1
72,2,0,0,0,8.0,6.0,2.16,1.0,535.9,296.0,53.64,0
177,1,0,1,27,10.4,2.0,2.81,1.0,641.6999999999999,292.0,65.49000000000001,0
43,2,0,0,0,12.7,2.0,3.43,3.5,633.9,297.0,56.370000000000005,1
99,1,0,0,0,12.4,4.0,3.35,2.0,581.5,311.0,52.2,1
150,3,0,0,0,12.6,3.0,3.4,1.0,565.4,313.0,55.26,0
77,3,0,0,0,17.4625,3.0,4.7175,3.5,625.8,264.0,58.3,1
86,1,0,0,0,9.3,7.0,2.51,3.0,580.0,316.0,58.12,1
165,1,0,1,39,9.5,4.0,2.57,3.0,532.7,320.0,51.81,0
41,1,0,1,30,11.1,4.0,3.0,1.0,534.1,288.0,55.72,0
108,1,0,0,0,5.2,1.0,1.4,2.0,687.5,270.0,70.17,1
115,2,0,0,0,10.6,7.0,2.86,1.0,483.5,249.0,45.040000000000006,0
105,1,0,1,34,9.9,4.0,2.67,2.0,566.3,238.0,60.669999999999995,0
104,2,0,0,0,13.0,4.0,3.51,0.0,600.9,364.0,69.39,0
82,1,0,0,0,13.5,3.0,3.65,1.0,467.4,287.0,50.85,0
140,1,0,0,0,10.3,4.0,2.78,1.0,649.3,326.0,59.900000000000006,1
106,1,0,1,37,10.6,5.0,2.86,2.0,598.7,293.0,64.28,0
141,1,0,0,0,11.0,6.0,2.97,0.0,525.1,280.0,53.959999999999994,0
98,2,0,0,0,13.3,4.0,3.59,0.0,579.2,336.0,63.16,0
138,3,1,0,0,15.2,1.0,4.1,0.0,605.1,323.0,58.81,1
127,1,0,1,27,3.8,10.0,1.03,1.0,621.4,243.0,54.42,0
202,3,0,0,0,6.0,3.0,1.62,3.0,479.8,320.0,43.17,0
79,1,0,0,0,11.3,5.0,3.05,3.0,468.20000000000005,299.0,45.57,1
166,3,0,0,0,11.2,2.0,3.02,2.0,587.2,287.0,61.2,1
47,3,1,0,0,13.3,7.0,3.59,0.0,379.29999999999995,339.0,30.210000000000004,0
160,3,0,0,0,10.3,5.0,2.78,1.0,361.79999999999995,286.0,35.08,0
180,1,0,0,0,8.8,5.0,2.38,3.0,507.70000000000005,314.0,48.35999999999999,1
170,3,0,1,37,13.0,4.0,3.51,0.0,663.9,326.0,61.85,0
123,2,0,0,0,9.4,2.0,2.54,2.0,658.8,267.0,70.35,1
133,1,0,0,0,3.1625000000000014,1.0,0.8574999999999993,2.0,630.4,295.0,64.28,1
127,1,0,0,0,3.3,5.0,0.89,0.0,544.4,343.0,64.48,0
8,1,0,1,36,4.8,10.5,1.3,1.0,591.1,256.0,63.8,0
13,1,0,0,0,11.5,3.0,3.11,0.0,701.3,299.0,76.27,1
137,1,0,1,22,11.4,5.0,3.08,2.0,548.2,312.0,55.529999999999994,0
94,1,0,1,28,9.9,4.0,2.67,3.0,446.1,279.0,36.769999999999996,0
148,3,0,0,0,10.9,3.0,2.94,1.0,667.6,273.0,67.78,1
148,2,0,0,0,10.6,6.0,2.86,1.0,407.4,328.0,30.119999999999997,0
144,3,0,1,37,10.0,4.0,2.7,1.0,560.5,290.0,61.59,0
146,1,0,0,0,12.2,4.0,3.29,3.0,728.0,262.0,66.39,1
107,1,0,1,38,8.3,4.0,2.24,0.0,696.6,229.0,65.1,0
34,1,0,0,0,8.8,4.0,2.38,0.0,541.8,308.5,53.67,0
86,3,0,0,0,8.8,5.0,2.38,1.0,401.09999999999997,294.0,36.04,0
100,1,0,1,27,8.0,4.0,2.16,0.0,650.5,261.0,66.42999999999999,0
104,1,0,0,0,17.0,6.0,4.59,2.0,551.0,286.0,50.08,1
204,3,0,0,0,10.1,4.0,2.73,2.0,388.79999999999995,271.0,29.759999999999998,0
93,1,0,1,32,11.0,9.0,2.97,0.0,477.0,329.0,45.370000000000005,0
123,1,0,0,0,11.1,3.0,3.0,3.0,565.8,284.0,47.800000000000004,1
43,2,0,1,35,11.6,4.0,3.13,3.0,651.8,290.0,64.12,1
106,3,0,0,0,11.5,7.0,3.11,0.0,599.0,298.0,59.849999999999994,0
122,1,0,0,0,8.4,6.0,2.27,1.0,503.1,274.0,47.18,0
137,1,0,0,0,8.9,2.0,2.4,1.0,546.8,358.0,47.68,0
46,1,0,1,34,7.2,2.0,1.94,1.0,678.6375,330.0,68.05749999999999,0
40,3,0,0,0,7.1,7.0,1.92,0.0,631.0,332.0,51.86000000000001,0
22,2,0,0,0,9.6,5.0,2.59,0.0,656.5,303.0,63.93,0
101,1,1,0,0,11.7,4.0,3.16,1.0,563.1,221.0,50.82000000000001,1
153,3,0,0,0,10.1,2.0,2.73,1.0,611.7,319.0,58.49000000000001,0
112,1,0,0,0,9.0,6.0,2.43,3.5,529.9,336.0,51.239999999999995,1
101,1,0,1,36,8.8,4.0,2.38,1.0,576.8,358.0,48.32,0
161,3,0,0,0,8.9,5.0,2.4,1.0,776.5,341.0,81.69999999999999,1
130,1,0,0,0,10.6,4.0,2.86,0.0,572.7,344.0,59.96,0
90,3,0,0,0,11.0,7.0,2.97,1.0,633.1,339.0,54.93,0
107,1,0,0,0,13.2,5.0,3.56,1.0,635.8,236.0,73.18,1
37,3,0,0,0,8.9,4.0,2.4,2.0,708.6,296.0,72.34,1
100,1,1,0,0,11.6,2.0,3.13,2.0,494.20000000000005,291.0,49.42,1
38,2,0,1,36,15.2,6.0,4.1,2.0,466.3,260.0,42.06,0
112,1,0,1,23,10.3,6.0,2.78,1.0,795.8000000000001,282.0,84.25,0
182,1,0,0,0,10.7,4.0,2.89,2.0,656.9,332.0,72.63000000000001,1
163,2,0,1,23,8.8,4.0,2.38,1.0,751.4,319.0,71.16,0
152,3,1,1,41,4.3,2.0,1.16,1.0,646.0,304.0,58.85,0
95,1,0,1,23,7.4,3.0,2.0,0.0,553.8000000000001,310.0,53.050000000000004,0
1,2,0,0,0,5.3,3.0,1.43,1.0,557.4,262.0,53.04,0
116,3,1,1,29,11.7,2.0,3.16,3.0,634.3,301.0,60.0,1
111,3,0,0,0,9.8,3.0,2.65,0.0,475.29999999999995,313.0,45.9,0
109,3,0,0,0,9.8,9.0,2.65,1.0,715.4000000000001,286.0,64.14999999999999,0
103,2,0,0,0,8.5,3.0,2.3,1.0,570.9000000000001,276.0,52.019999999999996,0
115,2,0,0,0,16.4,5.0,4.43,2.0,695.6,304.0,64.49000000000001,1
90,1,0,0,0,13.0,1.0,3.51,1.0,445.0,287.0,46.53,0
70,3,0,0,0,12.5,9.0,3.38,3.0,582.0,305.0,52.580000000000005,0
109,3,0,0,0,9.9,9.0,2.67,3.0,716.4,253.0,60.74,1
82,3,0,0,0,10.7,9.0,2.89,2.0,618.5999999999999,314.0,68.13,1
180,1,0,0,0,10.1,4.0,2.73,1.0,508.0,334.0,47.99,0
79,2,1,0,0,8.4,4.0,2.27,2.0,662.7,369.0,55.540000000000006,1
102,1,0,0,0,10.9,3.0,2.94,1.0,614.7375,267.0,57.44749999999999,0
49,2,0,0,0,8.9,2.0,2.4,1.0,604.3,351.0,65.61,1
67,2,0,0,0,10.0,2.0,2.7,3.5,676.5,326.0,71.33,1
107,1,0,0,0,6.7,5.0,1.81,2.0,517.1,279.0,50.74,0
118,3,0,0,0,10.8,4.0,2.92,2.0,467.40000000000003,282.0,41.16,0
94,2,0,0,0,9.6,5.0,2.59,0.0,439.19999999999993,303.0,43.39,0
147,2,0,0,0,14.4,8.0,3.89,2.0,572.8,294.0,54.35,0
123,1,0,0,0,12.8,4.0,3.46,3.0,632.6,289.0,58.2,1
97,1,0,0,0,13.3,2.0,3.59,1.0,500.8,382.0,48.91,0
123,1,0,0,0,12.9,5.0,3.48,3.5,483.5,316.0,44.75,1
63,1,0,0,0,12.8,6.0,3.46,1.0,607.2,332.0,53.05,0
78,1,0,1,13,6.4,5.0,1.73,2.0,703.5999999999999,323.0,73.94,0
106,1,0,0,0,15.9,4.0,4.29,3.0,479.70000000000005,246.0,54.39999999999999,1
145,1,0,0,0,16.1,3.0,4.35,1.0,721.9999999999999,331.0,73.11,1
48,1,0,0,0,7.1,9.0,1.92,1.0,509.9,342.0,58.589999999999996,0
100,1,0,0,0,10.9,4.0,2.94,1.0,536.4000000000001,292.0,54.33,0
147,2,1,1,35,11.1,2.0,3.0,3.0,574.1,252.0,53.120000000000005,1
115,1,0,0,0,11.0,7.0,2.97,1.0,679.7,334.0,63.41,1
86,3,0,1,16,11.6,2.0,3.13,3.5,606.4,333.0,53.64000000000001,0
141,1,0,1,32,6.7,3.0,1.81,1.0,812.7,310.0,87.9,1
163,2,0,1,22,12.4,2.0,3.35,2.0,500.2,302.0,54.96,0
89,1,0,1,35,11.8,3.0,3.19,1.0,498.5,282.0,52.099999999999994,0
76,1,0,0,0,12.4,2.0,3.35,0.0,590.3,264.0,57.879999999999995,0
91,2,1,0,0,12.1,2.0,3.27,2.0,586.0,314.0,64.45,1
69,1,0,0,0,8.9,1.0,2.4,2.0,655.4,320.0,68.22,1
180,1,0,0,0,6.7,5.0,1.81,3.0,691.0,279.0,69.2,1
64,3,0,0,0,14.1,3.0,3.81,3.0,502.1,285.0,55.949999999999996,1
160,2,0,0,0,10.0,2.0,2.7,1.0,643.8,367.0,62.459999999999994,1
74,1,0,0,0,12.3,5.0,3.32,3.0,795.5,306.0,83.96,1
134,1,0,1,41,11.9,5.0,3.21,0.0,646.8,271.0,62.34,0
46,2,0,0,0,9.0,2.0,2.43,2.0,360.1,277.0,28.42,0
132,2,0,0,0,8.9,3.0,2.4,1.0,717.0999999999999,323.0,78.03999999999999,1
50,1,0,0,0,9.6,6.0,2.59,1.0,589.5,332.0,68.54,1
98,2,0,0,0,10.1,5.0,2.73,2.0,451.2,283.0,43.58,0
156,2,0,1,27,14.8,8.0,4.0,1.0,636.4000000000001,364.0,60.669999999999995,0
130,2,1,0,0,16.9,2.0,4.56,3.5,682.6375,315.0,71.3275,1
90,1,1,1,26,13.3,3.0,3.59,0.0,571.1,284.0,54.38,0
101,3,0,1,9,10.8,9.0,2.92,0.0,509.20000000000005,302.0,51.33,0
117,3,0,0,0,7.7,10.0,2.08,2.0,517.7,242.0,50.400000000000006,0
95,1,0,0,0,14.2,6.0,3.83,1.0,603.7,331.0,63.99,1
107,1,0,0,0,10.7,3.0,2.89,0.0,618.5999999999999,265.0,64.19,0
88,1,0,0,0,10.5,7.0,2.84,1.0,588.8,331.0,56.67,0
120,1,0,0,0,10.7,3.0,2.89,1.0,495.9,324.0,45.3,0
106,3,0,1,9,8.2,4.0,2.21,3.0,493.20000000000005,295.0,46.26,0
84,2,0,1,30,5.7,3.0,1.54,2.0,520.8,234.0,45.78,0
62,1,1,1,32,13.2,3.0,3.56,0.0,647.3,362.0,65.9,0
20,2,0,0,0,12.3,6.0,3.32,2.0,713.3000000000001,245.0,65.59,1
112,1,0,0,0,8.5,4.0,2.3,0.0,599.6,352.0,61.57999999999999,0
107,3,0,1,27,14.4,7.0,3.89,2.0,748.8,319.0,78.09,0
137,2,1,0,0,10.9,3.0,2.94,0.0,677.7,329.0,72.60000000000001,1
90,1,0,1,42,11.1,4.0,3.0,0.0,671.0,248.0,64.89,0
189,3,0,0,0,11.7,7.0,3.16,1.0,493.80000000000007,266.0,55.440000000000005,0
19,1,1,0,0,4.5,4.0,1.22,0.0,627.0,314.0,66.21,1
156,3,0,0,0,7.7,4.0,2.08,1.0,604.9,363.5,64.19999999999999,0
101,3,0,0,0,10.6,4.0,2.86,1.0,687.3,323.0,66.01,0
123,1,0,0,0,10.0,4.0,2.7,0.0,567.9,299.0,56.61,0
97,2,0,1,32,8.6,6.0,2.32,2.0,551.5,307.0,47.12,0
115,2,0,0,0,11.1,4.0,3.0,2.0,450.59999999999997,306.0,42.87,0
95,2,0,0,0,11.2,6.0,3.02,1.0,628.3,253.0,64.10000000000001,0
105,1,0,1,20,8.9,2.0,2.4,1.0,777.9000000000001,309.0,68.62,0
1,1,0,1,26,10.0,2.0,2.7,1.0,493.2,248.0,47.43,0
91,1,0,1,20,6.2,3.0,1.67,1.0,561.2,302.0,54.620000000000005,0
85,2,0,0,0,9.9,3.0,2.67,1.0,594.4,287.0,55.379999999999995,0
85,2,0,1,17,9.3,7.0,2.51,3.5,488.7,279.0,42.550000000000004,0
99,1,0,0,0,7.7,2.0,2.08,2.0,484.79999999999995,346.0,47.540000000000006,0
123,1,0,0,0,9.1,2.0,2.46,2.0,517.1999999999999,266.0,52.620000000000005,1
104,1,0,0,0,10.5,6.0,2.84,2.0,459.9,272.0,41.239999999999995,0
168,2,0,0,0,11.6,2.0,3.13,2.0,567.5,368.0,55.57,1
68,1,0,0,0,10.9,6.0,2.94,2.0,650.8,291.0,65.3,1
112,1,0,1,31,11.5,1.0,3.11,3.5,731.7,293.0,71.35,1
56,1,1,0,0,10.5,5.0,2.84,1.0,630.0,291.0,59.19,1
133,2,0,0,0,11.8,4.0,3.19,0.0,561.1,324.0,47.94,0
95,2,0,0,0,6.3,2.0,1.7,3.5,600.0999999999999,299.0,51.73,1
1,1,0,0,0,10.0,3.0,2.7,3.5,469.3,287.0,49.28,1
90,1,0,1,22,6.4,10.5,1.73,1.0,578.4,292.0,50.86,0
46,1,0,0,0,9.7,6.0,2.62,1.0,484.2,227.0,43.75,0
150,1,0,0,0,7.9,4.0,2.13,1.0,649.0,305.0,63.650000000000006,1
73,2,0,0,0,10.8,6.0,2.92,1.0,462.3,258.0,51.839999999999996,0
161,2,0,0,0,12.5,3.0,3.38,1.0,561.0999999999999,231.0,56.63,0
76,1,0,0,0,9.6,5.0,2.59,1.0,669.4000000000001,264.0,64.62,1
95,1,0,0,0,9.4,3.0,2.54,1.0,523.3,279.0,46.44,0
76,1,0,0,0,16.2,3.0,4.37,1.0,519.9,253.0,55.07,1
103,1,0,1,37,10.6,3.0,2.86,1.0,640.0999999999999,296.0,57.669999999999995,0
132,1,0,1,25,7.1,7.0,1.92,2.0,612.1999999999999,290.0,52.49,0
148,3,0,0,0,14.6,9.0,3.94,1.0,599.4,348.0,58.39,0
105,1,0,0,0,12.2,2.0,3.29,2.0,524.1,347.0,48.760000000000005,1
129,1,0,0,0,12.5,6.0,3.38,1.0,643.5999999999999,322.0,57.0,0
37,1,0,0,0,14.0,5.0,3.78,3.0,575.3,327.0,56.51,1
110,3,0,0,0,14.8,4.0,4.0,1.0,410.6,247.0,34.129999999999995,0
90,2,0,0,0,12.4,6.0,3.35,2.0,691.3,320.0,66.34,1
62,1,0,0,0,10.1,4.0,2.73,0.0,491.5,315.0,41.56,0
84,2,0,1,38,7.4,5.0,2.0,2.0,607.0,299.0,57.59,0
111,3,0,0,0,12.1,4.0,3.27,1.0,525.0,307.0,41.34,0
91,1,0,0,0,10.5,2.0,2.84,1.0,482.20000000000005,249.0,44.78,0
118,1,0,1,36,9.8,5.0,2.65,3.0,649.8,284.0,72.72000000000001,1
107,3,0,0,0,8.3,3.0,2.24,3.5,589.8,232.0,56.5,1
62,1,0,0,0,8.8,4.0,2.38,3.0,589.4,284.0,58.19,1
41,3,0,0,0,11.9,4.0,3.21,1.0,614.3,326.0,62.11,0
34,1,0,1,14,10.7,5.0,2.89,2.0,600.0,346.0,55.89000000000001,0
27,1,0,0,0,7.8,6.0,2.11,1.0,536.8,291.0,62.49999999999999,0
122,3,0,1,30,6.9,3.0,1.86,2.0,694.8000000000001,269.0,71.53999999999999,0
54,1,0,0,0,10.2,2.0,2.75,2.0,717.2,310.0,72.22999999999999,1
122,1,0,0,0,8.1,4.0,2.19,0.0,410.8,273.0,42.019999999999996,0
91,2,1,0,0,12.2,4.0,3.29,1.0,411.70000000000005,317.0,41.65,0
148,1,1,0,0,8.2,5.0,2.21,1.0,651.6999999999999,306.0,62.89,1
67,1,0,1,41,13.4,1.0,3.62,0.0,490.59999999999997,287.0,50.34,0
124,3,0,0,0,12.2,3.0,3.29,1.0,590.2,281.0,54.86,0
100,3,1,0,0,9.7,4.0,2.62,1.0,350.2,337.0,32.629999999999995,0
68,1,1,1,24,14.2,6.0,3.83,3.0,616.0999999999999,298.0,54.47,0
144,3,0,1,38,3.7,4.0,1.0,0.0,448.3,331.0,38.17,0
160,1,0,0,0,11.7,6.0,3.16,0.0,675.2,277.0,65.81,0
115,2,0,0,0,17.0,1.0,4.59,3.0,653.9000000000001,286.0,69.07000000000001,1
130,3,0,0,0,6.0,1.0,1.62,2.0,535.2,294.0,48.650000000000006,0
84,1,0,0,0,12.7,2.0,3.43,2.0,746.4000000000001,345.0,79.08,1
99,3,0,0,0,12.4,4.0,3.35,3.0,683.3,343.0,70.41,1
106,1,0,1,30,13.1,8.0,3.54,0.0,600.6999999999999,310.0,63.440000000000005,0
39,2,0,0,0,13.2,5.0,3.56,1.0,406.59999999999997,309.0,46.28,0
114,2,0,0,0,11.7,4.0,3.16,1.0,457.8,317.0,49.59,0
116,2,0,0,0,12.3,3.0,3.32,1.0,457.7,335.0,35.33,0
52,1,0,0,0,11.6,4.0,3.13,2.0,617.9,355.0,55.42999999999999,1
89,1,0,0,0,15.9,6.0,4.29,3.0,606.2,326.0,50.1,1
101,3,0,0,0,10.6,3.0,2.86,3.0,518.8,269.0,40.68,0
94,2,0,0,0,11.1,6.0,3.0,0.0,692.8,315.0,59.85,0
113,3,0,1,39,9.0,4.0,2.43,1.0,533.5999999999999,267.0,56.81,0
108,1,0,0,0,7.2,6.0,1.94,3.0,405.3,306.0,36.91,0
60,2,0,0,0,12.9,5.0,3.48,1.0,523.4000000000001,271.0,57.78,0
111,1,0,1,35,14.7,5.0,3.97,1.0,488.19999999999993,344.0,48.480000000000004,0
42,1,0,1,31,11.0,3.0,2.97,2.0,578.4000000000001,326.0,56.72,0
60,3,1,1,37,9.1,5.0,2.46,3.0,511.0,347.0,51.14,0
178,3,0,0,0,10.1,7.0,2.73,3.0,626.0,304.0,61.7,1
77,2,0,1,36,11.8,4.0,3.19,2.0,593.5,315.0,54.699999999999996,0
73,2,0,0,0,16.2,10.5,4.37,1.0,535.2,270.0,52.370000000000005,0
106,2,0,1,22,9.1,6.0,2.46,1.0,595.4,252.0,63.88999999999999,0
57,3,0,0,0,7.5,7.0,2.03,1.0,610.3,261.0,55.43,0
117,1,0,0,0,10.6,6.0,2.86,0.0,612.4,286.0,59.56,0
132,1,0,0,0,17.4625,2.0,4.7175,1.0,486.70000000000005,315.0,52.89,1
113,2,1,0,0,11.6,5.0,3.13,3.0,613.7,362.0,51.87,1
128,2,0,0,0,8.7,5.0,2.35,1.0,505.7,303.0,42.660000000000004,0
84,1,0,0,0,9.9,5.0,2.67,2.0,686.4000000000001,342.0,70.92,1
92,3,0,0,0,8.0,4.0,2.16,1.0,413.29999999999995,310.0,36.44,0
119,1,0,1,37,10.7,3.0,2.89,1.0,695.3,322.0,63.64,0
118,1,0,0,0,7.5,5.0,2.03,0.0,600.1,325.0,64.48,0
117,2,0,0,0,7.0,10.5,1.89,3.0,580.8,277.0,63.669999999999995,1
57,1,0,0,0,9.4,4.0,2.54,1.0,520.2,343.0,58.919999999999995,0
33,2,0,1,33,10.1,4.0,2.73,1.0,720.4,298.0,71.14,0
110,1,1,0,0,13.2,4.0,3.56,1.0,538.4,332.0,50.21,1
145,1,0,0,0,9.8,1.0,2.65,3.0,571.3,319.0,55.28,1
113,3,0,1,28,10.0,4.0,2.7,1.0,700.9,260.0,73.51,0
170,2,0,1,34,7.0,3.0,1.89,3.0,609.3,341.0,52.7,0
101,1,0,0,0,11.5,5.0,3.11,0.0,505.9,261.0,51.540000000000006,0
96,2,0,1,26,13.1,6.0,3.54,2.0,558.8,320.0,45.910000000000004,0
131,3,0,0,0,13.2,6.0,3.56,2.0,545.3000000000001,290.0,58.79,0
130,3,0,1,22,8.4,5.0,2.27,1.0,530.5,255.0,55.0,0
143,2,1,0,0,12.3,3.0,3.32,3.5,598.7,312.0,58.16,1
114,3,1,0,0,9.7,1.0,2.62,2.0,530.0999999999999,275.0,44.83,1
57,1,0,1,36,9.7,3.0,2.62,1.0,590.0,312.0,63.559999999999995,0
97,1,0,0,0,12.1,2.0,3.27,1.0,530.5,296.0,51.71,0
144,1,0,1,38,8.7,3.0,2.35,1.0,660.8,346.0,74.35,1
97,3,0,1,32,11.7,5.0,3.16,1.0,650.8,268.0,59.57000000000001,0
150,1,0,1,29,11.9,4.0,3.21,1.0,684.9000000000001,256.0,68.41,0
17,3,0,1,30,10.3,2.0,2.78,3.0,768.9,316.0,79.96,1
101,1,0,0,0,8.9,2.0,2.4,1.0,691.1,283.0,68.53999999999999,1
163,1,0,0,0,9.8,6.0,2.65,1.0,529.3,331.0,59.580000000000005,0
176,1,0,1,31,10.4,4.0,2.81,3.0,496.1,345.0,50.17,0
66,2,0,0,0,11.3,2.0,3.05,2.0,598.3,272.0,67.2,1
136,1,0,0,0,7.5,10.5,2.03,1.0,646.0,279.0,51.32,0
93,1,0,0,0,14.8,3.0,4.0,0.0,756.7,321.0,71.32000000000001,1
126,1,0,0,0,10.2,1.0,2.75,1.0,517.8,269.0,49.0,0
149,1,0,0,0,8.2,4.0,2.21,3.5,556.9,360.5,56.9,1
62,1,0,0,0,14.2,5.0,3.83,1.0,579.4,276.0,55.88,0
48,2,0,1,26,17.4625,7.0,4.7175,0.0,557.6,284.0,56.37,0
90,3,0,1,22,10.4,5.0,2.81,2.0,654.5,324.0,61.33,0
177,1,0,1,21,8.8,4.0,2.38,0.0,673.9,294.0,69.10000000000001,0
25,1,1,0,0,12.0,3.0,3.24,0.0,634.3,220.0,64.01,1
82,1,1,1,41,9.9,8.0,2.67,1.0,596.5,278.0,50.58,0
89,3,0,0,0,8.8,4.0,2.38,0.0,679.9,301.0,66.02,0
41,3,0,0,0,14.9,3.0,4.02,1.0,580.9,284.0,60.120000000000005,0
166,3,0,0,0,11.2,10.0,3.02,1.0,477.4,290.0,47.95,0
68,1,0,0,0,10.4,2.0,2.81,1.0,660.1,312.0,58.85,1
184,1,0,0,0,9.5,4.0,2.57,1.0,486.19999999999993,337.0,49.260000000000005,0
68,2,0,0,0,6.8,8.0,1.84,3.5,565.3,339.0,55.879999999999995,1
130,2,0,0,0,13.5,4.0,3.65,1.0,602.6,283.0,69.25999999999999,1
151,1,0,1,31,10.6,2.0,2.86,2.0,542.9,326.0,58.78,0
127,1,1,0,0,15.0,4.0,4.05,3.0,669.3,262.0,64.52,1
160,1,0,0,0,10.7,8.0,2.89,2.0,656.8,353.0,68.73,1
144,1,0,0,0,7.4,4.0,2.0,0.0,439.1,290.0,38.85,0
45,3,1,1,40,10.8,3.0,2.92,3.0,518.7,293.0,56.620000000000005,1
111,2,0,0,0,9.7,6.0,2.62,2.0,564.0999999999999,248.0,55.24,0
167,1,1,0,0,9.9,4.0,2.67,0.0,437.2,318.0,40.67,0
88,2,0,0,0,14.5,4.0,3.92,0.0,604.7,304.0,55.48,0
23,1,0,0,0,10.6,3.0,2.86,3.5,438.38749999999993,334.0,48.12875,1
151,1,0,0,0,10.7,10.0,2.89,1.0,468.0,306.0,49.12,0
138,1,0,0,0,11.2,4.0,3.02,0.0,603.6,318.0,62.47,0
114,3,0,0,0,11.0,3.0,2.97,1.0,701.1,353.0,77.99000000000001,1
154,2,0,0,0,8.8,5.0,2.38,0.0,771.0,278.0,77.39,1
91,2,0,0,0,16.1,5.0,4.35,2.0,576.2,275.0,53.88,1
88,3,0,0,0,11.4,5.0,3.08,2.0,509.3,267.0,47.66,0
15,1,1,0,0,11.7,3.0,3.16,1.0,577.6,281.0,60.68000000000001,1
43,1,0,0,0,8.0,9.0,2.16,0.0,490.4,314.0,50.400000000000006,0
53,3,0,0,0,7.7,4.0,2.08,3.0,613.8,242.0,48.690000000000005,0
116,1,0,0,0,11.2,7.0,3.02,3.0,612.8,317.0,58.75,1
162,1,1,0,0,8.1,7.0,2.19,0.0,601.9000000000001,297.0,56.89999999999999,0
142,2,0,0,0,3.1625000000000014,4.0,0.8574999999999993,1.0,617.0,287.0,64.19,0
169,2,0,0,0,9.5,4.0,2.57,1.0,526.2,336.0,49.57,0
158,3,0,1,22,10.9,3.0,2.94,2.0,581.9000000000001,282.0,59.08,0
103,3,0,1,29,14.0,7.0,3.78,2.0,658.9,288.0,65.61,0
63,3,0,0,0,12.9,3.0,3.48,2.0,465.9,280.0,39.300000000000004,0
40,3,0,0,0,9.4,3.0,2.54,3.0,578.4,371.0,52.18,1
117,1,0,0,0,7.5,3.0,2.03,2.0,593.5,327.0,64.52,1
128,1,0,0,0,11.8,6.0,3.19,1.0,576.4000000000001,276.0,52.89,0
111,3,0,1,33,15.1,3.0,4.08,1.0,633.0,282.0,57.660000000000004,0
167,3,0,1,30,11.7,2.0,3.16,0.0,659.6,311.0,60.81,0
54,1,0,0,0,8.1,3.0,2.19,3.5,634.5,338.0,63.27,1
115,2,0,1,30,9.9,6.0,2.67,2.0,527.5999999999999,219.0,54.11,0
112,1,0,0,0,11.1,2.0,3.0,3.5,498.9,294.0,43.1,1
94,1,0,0,0,4.6,5.0,1.24,2.0,558.1,247.0,58.65,0
87,2,0,0,0,7.1,3.0,1.92,3.5,523.1,271.0,49.459999999999994,1
11,1,0,0,0,9.9,4.0,2.67,0.0,418.9,266.0,39.15,0
192,3,0,0,0,12.4,4.0,3.35,1.0,508.7,253.0,54.02,0
124,2,0,0,0,4.2,2.0,1.13,1.0,602.9,298.0,60.129999999999995,0
97,3,0,0,0,6.5,3.0,1.76,1.0,595.2,300.0,56.599999999999994,0
93,3,1,0,0,9.1,9.0,2.46,1.0,623.8,336.0,57.85,0
103,2,0,0,0,11.2,1.0,3.02,1.0,657.1,265.0,63.25,1
75,3,0,0,0,7.6,5.0,2.05,2.0,522.5,297.0,53.120000000000005,0
70,2,0,0,0,12.6,1.0,3.4,1.0,529.5,302.0,51.120000000000005,0
84,2,1,1,18,8.0,4.0,2.16,3.0,536.1,310.0,49.25000000000001,0
129,2,0,0,0,9.4,10.5,2.54,1.0,322.7,273.0,26.2,0
38,1,0,0,0,9.7,3.0,2.62,2.0,638.8000000000001,328.0,62.96000000000001,1
170,2,0,0,0,12.5,5.0,3.38,1.0,590.7,308.0,59.04,0
72,2,0,0,0,8.4,5.0,2.27,1.0,643.2,295.0,60.339999999999996,0
111,2,1,0,0,13.7,2.0,3.7,2.0,608.5,205.0,58.08,1
98,1,1,0,0,12.6,3.0,3.4,1.0,601.2,330.0,56.56,1
94,2,0,0,0,7.4,6.0,2.0,3.0,583.2,303.0,61.44,1
82,1,0,1,33,6.8,1.0,1.84,3.5,622.1,329.0,65.60000000000001,1
102,3,0,1,29,15.1,4.0,4.08,1.0,628.0999999999999,266.0,58.059999999999995,0
103,1,0,1,22,9.0,8.0,2.43,3.0,727.9,364.0,72.61,0
156,3,0,0,0,12.3,6.0,3.32,3.0,528.0,362.0,43.67,0
109,3,1,0,0,10.5,6.0,2.84,2.0,545.3,337.0,55.47,1
117,2,0,0,0,6.7,4.0,1.81,3.5,548.5999999999999,320.0,54.879999999999995,1
26,3,0,0,0,10.7,4.0,2.89,1.0,525.3,269.0,42.02,0
121,1,0,0,0,10.3,4.0,2.78,0.0,595.9,295.0,51.440000000000005,0
185,1,0,0,0,16.6,3.0,4.48,0.0,599.4,278.0,58.58,0
103,3,0,1,40,11.1,6.0,3.0,1.0,497.59999999999997,252.0,49.760000000000005,0
76,3,0,0,0,6.8,4.0,1.84,1.0,588.4,291.0,50.64,0
69,2,0,0,0,15.2,2.0,4.1,3.5,579.6,360.0,59.08,1
53,3,0,0,0,9.2,5.0,2.48,2.0,634.0,278.0,65.49,1
138,2,0,1,12,7.8,5.0,2.11,0.0,402.3,315.0,39.42,0
116,1,0,0,0,8.6,2.0,2.32,3.5,647.4,251.0,59.589999999999996,1
49,1,0,0,0,7.3,3.0,1.97,3.0,507.0,285.0,44.449999999999996,0
118,1,0,0,0,7.1,4.0,1.92,1.0,490.8,295.0,46.459999999999994,0
67,1,0,0,0,9.8,2.0,2.65,1.0,478.70000000000005,289.0,46.53,0
131,1,0,0,0,8.5,2.0,2.3,2.0,653.0,250.0,55.519999999999996,1
100,1,0,0,0,6.1,6.0,1.65,3.0,559.7,263.0,51.730000000000004,1
122,1,0,0,0,14.3,2.0,3.86,3.0,643.0999999999999,244.0,57.97,1
4,1,1,0,0,14.2,4.0,3.83,0.0,546.6,276.0,51.08,0
31,1,0,0,0,9.1,1.0,2.46,2.0,630.2,268.0,64.07000000000001,1
114,1,0,0,0,9.5,6.0,2.57,1.0,727.0,298.0,73.89,1
149,1,0,0,0,7.0,4.0,1.89,1.0,650.7,268.0,70.28,1
86,2,0,0,0,15.0,2.0,4.05,0.0,727.3,277.0,65.59,1
141,1,0,0,0,5.6,4.0,1.51,2.0,550.3,273.0,56.25,0
127,1,0,0,0,8.0,1.0,2.16,1.0,585.6,259.0,66.59,1
131,1,0,0,0,9.8,10.5,2.65,0.0,660.7,319.0,64.82000000000001,0
124,2,1,1,29,5.5,7.0,1.49,2.0,550.0,341.0,54.08,0
148,2,0,0,0,8.3,6.0,2.24,2.0,701.1,303.0,70.56,1
72,1,1,0,0,10.3,1.0,2.78,3.5,825.0,284.0,85.14,1
97,3,0,0,0,8.8,3.0,2.38,0.0,557.6,322.0,45.68000000000001,0
59,3,0,0,0,10.5,3.0,2.84,3.5,471.1,302.0,48.34,1
112,3,0,0,0,10.0,5.0,2.7,3.0,715.0,325.0,71.85,1
126,1,0,0,0,9.9,2.0,2.67,1.0,528.2,291.0,51.76,0
91,3,1,0,0,14.0,4.0,3.78,2.0,564.1,363.0,43.269999999999996,1
109,2,0,1,40,13.9,5.0,3.75,3.0,461.3,309.0,38.84,0
77,3,0,0,0,9.9,10.0,2.67,1.0,552.7,290.0,49.24,0
133,3,0,1,24,15.0,4.0,4.05,2.0,495.79999999999995,313.0,44.45,0
204,1,0,0,0,12.0,1.0,3.24,2.0,682.3,255.0,64.51,1
120,1,0,0,0,11.6,2.0,3.13,0.0,651.2,303.0,59.46,0
132,2,0,0,0,7.5,2.0,2.03,3.5,679.7,283.0,62.64,1
78,3,1,0,0,14.4,10.5,3.89,0.0,661.6,278.0,63.05,0
123,1,0,1,38,11.2,1.0,3.02,3.0,734.0,272.0,70.01,1
131,1,0,0,0,8.9,7.0,2.4,3.5,669.8,312.0,65.11,1
39,2,0,0,0,8.8,4.0,2.38,2.0,474.0,328.0,49.64,0
95,1,0,0,0,11.9,3.0,3.21,2.0,481.3,310.0,53.52000000000001,1
82,1,0,0,0,7.5,5.0,2.03,1.0,715.8,307.0,81.94000000000001,1
78,3,0,0,0,11.0,1.0,2.97,3.5,537.4,283.0,61.89,1
109,1,0,0,0,7.5,5.0,2.03,1.0,674.7375,362.0,56.677499999999995,0
106,3,0,0,0,9.6,10.5,2.59,1.0,643.9000000000001,342.0,60.66,0
148,2,1,0,0,10.3,5.0,2.78,2.0,427.5,336.0,44.239999999999995,1
141,2,0,1,43,5.6,2.0,1.51,2.0,427.20000000000005,311.0,44.25,0
60,1,0,1,31,4.7,8.0,1.27,3.5,612.2,279.0,64.92999999999999,0
90,1,0,0,0,8.2,2.0,2.21,1.0,730.9,356.0,69.09,1
204,2,0,0,0,9.8,4.0,2.65,1.0,575.7,286.0,52.36,0
111,1,0,0,0,8.9,4.0,2.4,0.0,586.7,273.0,61.85,0
55,1,0,1,33,11.7,3.0,3.16,0.0,676.5,297.0,58.11,0
86,2,0,0,0,13.3,1.0,3.59,2.0,436.8,271.5,43.419999999999995,0
76,3,0,1,40,10.3,1.0,2.78,2.0,437.7,263.0,46.699999999999996,0
67,2,0,0,0,6.6,4.0,1.78,3.5,525.0,345.0,54.410000000000004,1
116,1,0,1,42,9.9,1.0,2.67,3.0,644.8,261.0,71.04,1
19,1,0,0,0,13.1,10.0,3.54,1.0,574.7,332.0,56.980000000000004,0
104,1,0,0,0,12.7,10.0,3.43,2.0,610.9,285.0,59.72,1
140,2,0,0,0,12.4,9.0,3.35,3.0,541.3,318.0,50.32,0
62,3,0,0,0,6.3,5.0,1.7,0.0,656.8000000000001,268.0,65.1,0
119,1,0,0,0,8.1,4.0,2.19,2.0,704.3000000000001,289.0,69.33,1
126,1,0,0,0,7.3,3.0,1.97,3.5,701.4,266.5,71.97999999999999,1
81,1,0,0,0,9.9,4.0,2.67,0.0,540.8,279.0,51.81,0
47,3,1,0,0,10.5,1.0,2.84,1.0,455.9,315.0,44.449999999999996,0
128,3,0,0,0,8.6,5.0,2.32,3.0,669.4,329.0,66.50999999999999,1
123,1,0,0,0,3.1625000000000014,0.0,0.8574999999999993,1.0,500.29999999999995,307.0,47.04,0
84,2,0,0,0,4.7,6.0,1.27,1.0,576.1,290.0,49.42,0
124,3,0,0,0,7.1,4.0,1.92,0.0,679.6,366.0,67.82000000000001,0
162,2,0,0,0,10.7,6.0,2.89,1.0,511.1,316.0,55.239999999999995,0
82,1,0,1,23,12.3,2.0,3.32,1.0,607.4000000000001,311.0,66.34,0
158,1,1,0,0,8.9,2.0,2.4,0.0,729.0999999999999,300.0,66.03,1
46,3,1,1,27,6.1,7.0,1.65,2.0,486.40000000000003,244.0,50.64,0
33,1,0,0,0,16.3,6.0,4.4,3.0,556.5999999999999,312.0,56.510000000000005,1
76,1,0,0,0,8.0,4.0,2.16,1.0,476.79999999999995,274.0,48.95,0
67,2,0,1,33,13.0,3.0,3.51,1.0,624.5,346.0,55.89,0
43,3,0,0,0,13.6,5.0,3.67,1.0,504.29999999999995,335.0,52.790000000000006,0
102,1,1,0,0,7.2,5.0,1.94,0.0,412.6,305.0,36.96,0
136,1,1,1,22,11.7,2.0,3.16,0.0,636.7,292.0,59.61,0
91,3,0,0,0,6.9,2.0,1.86,3.0,629.9,216.0,60.97,1
67,1,0,0,0,9.1,6.0,2.46,3.0,540.0999999999999,333.0,54.18,1
43,3,0,1,24,5.7,6.0,1.54,1.0,537.4,320.0,57.31999999999999,0
71,1,0,1,27,5.6,10.5,1.51,0.0,549.0,313.0,52.72,0
124,3,0,0,0,5.5,4.0,1.49,2.0,645.3,271.0,60.43,0
172,1,0,0,0,5.5,3.0,1.49,0.0,457.5,229.5,44.95,0
120,2,0,0,0,12.2,3.0,3.29,3.0,398.8,282.0,43.510000000000005,0
105,2,0,0,0,9.2,2.0,2.48,1.0,564.3,273.0,49.33,0
122,1,0,0,0,10.4,2.0,2.81,3.0,806.8,314.0,80.01999999999998,1
152,2,0,0,0,7.2,8.0,1.94,0.0,586.1,267.0,53.45,0
60,2,0,1,43,11.4,4.0,3.08,2.0,650.7,285.0,61.56999999999999,1
51,1,0,0,0,11.9,6.0,3.21,2.0,401.5,299.0,36.959999999999994,0
39,1,0,0,0,6.9,10.5,1.86,0.0,704.5,326.0,68.5,0
126,1,0,0,0,10.8,3.0,2.92,3.5,632.3,254.0,49.099999999999994,1
148,1,0,0,0,6.8,6.0,1.84,2.0,561.3,290.0,54.68,0
84,1,0,0,0,9.7,1.0,2.62,2.0,619.9,288.0,58.39999999999999,1
67,2,0,0,0,12.6,8.0,3.4,1.0,597.8,295.0,53.78,0
104,3,0,1,44,9.9,2.0,2.67,3.0,610.5,285.0,58.73,1
76,3,0,1,17,15.4,3.0,4.16,1.0,684.9,334.0,70.4,0
69,2,0,1,33,13.0,1.0,3.51,2.0,474.6,290.0,50.32,0
126,1,0,0,0,6.6,2.0,1.78,1.0,687.1,311.0,74.4,1
103,2,0,0,0,6.0,3.0,1.62,0.0,509.0,307.0,50.02,0
121,1,0,0,0,10.5,2.0,2.84,3.0,693.1,305.0,67.36999999999999,1
56,1,0,0,0,10.1,10.0,2.73,3.5,634.2,233.0,68.5,1
96,1,0,1,28,13.0,3.0,3.51,2.0,507.8,374.0,43.06,0
90,1,0,1,32,9.3,4.0,2.51,1.0,551.5,305.0,55.129999999999995,0
112,3,0,0,0,8.9,5.0,2.4,1.0,457.09999999999997,324.0,44.13,0
14,1,0,0,0,13.8,4.0,3.73,2.0,682.5,319.0,71.55,1
95,3,0,1,44,12.3,3.0,3.32,2.0,470.0,310.0,48.91,0
78,2,0,1,28,4.0,2.0,1.08,2.0,512.3,334.0,59.71,0
122,3,0,0,0,5.7,6.0,1.54,2.0,713.8,299.0,69.21000000000001,1
85,1,0,0,0,7.9,2.0,2.13,2.0,562.9000000000001,336.0,55.25,1
52,1,1,1,27,9.8,3.0,2.65,2.0,579.3,252.0,59.32,0
136,1,0,0,0,10.7,3.0,2.89,0.0,646.4,281.0,65.84,0
139,3,0,0,0,13.5,4.0,3.65,1.0,614.5,360.5,62.42,0
122,3,0,0,0,8.7,1.0,2.35,3.0,469.03749999999997,349.0,56.837500000000006,1
155,1,0,0,0,7.4,3.0,2.0,2.0,631.1,271.0,69.71,1
152,2,0,0,0,8.2,4.0,2.21,3.5,754.2,330.0,80.32000000000001,1
71,1,0,0,0,10.2,7.0,2.75,1.0,635.2,295.0,66.0,0
110,2,0,0,0,10.1,5.0,2.73,2.0,733.8,322.0,78.65,1
109,1,0,0,0,8.3,3.0,2.24,1.0,577.4,370.0,50.11,0
122,2,0,0,0,15.6,2.0,4.21,0.0,561.2,319.0,56.74000000000001,0
121,2,0,0,0,10.4,8.0,2.81,1.0,644.6,315.0,68.18,0
41,2,0,1,43,10.8,4.0,2.92,2.0,655.8,310.0,60.580000000000005,0
102,3,0,0,0,9.8,3.0,2.65,0.0,588.0999999999999,272.0,53.61,0
73,1,0,0,0,11.3,4.0,3.05,2.0,494.8,320.0,51.81,0
130,1,0,0,0,11.3,7.0,3.05,0.0,548.4000000000001,307.0,48.66,0
73,2,0,0,0,12.3,2.0,3.32,3.0,689.5,314.0,63.99,1
152,1,0,0,0,14.7,2.0,3.97,3.0,654.6,276.0,62.75,1
61,1,0,0,0,13.6,4.0,3.67,1.0,525.8,314.0,48.15,0
109,3,0,0,0,8.5,6.0,2.3,0.0,584.9,248.0,56.79,0
